<?xml version="1.0"?>
<dock-layout>
	
<layout name="__default__"><dock name="__dock_1" floating="no" width="-1" height="-1" floatx="0" floaty="0"><paned orientation="horizontal" locked="no" position="249"><notebook orientation="vertical" locked="no" page="0"><item name="AnjutaFileManager" orientation="vertical" locked="no"/><item name="AnjutaProjectManager" orientation="vertical" locked="no"/><item name="AnjutaSymbolBrowser" orientation="vertical" locked="no"/></notebook><paned orientation="vertical" locked="no" position="470"><item name="AnjutaDocumentManager" orientation="vertical" locked="no"/><notebook orientation="vertical" locked="no" page="0"><item name="AnjutaMessageView" orientation="vertical" locked="no"/><item name="AnjutaTerminal" orientation="vertical" locked="no"/></notebook></paned></paned></dock></layout></dock-layout>
